{
  "overall_accuracy": 0.2203125,
  "per_emotion_accuracy": {
    "anger": 0.9746835443037974,
    "anticipation": 0.30864197530864196,
    "disgust": 0.0,
    "fear": 0.475,
    "joy": 0.0,
    "sadness": 0.0,
    "surprise": 0.0125,
    "trust": 0.0
  },
  "total_samples": 640
}